ID,Link
F2,https://www.youtube.com/embed/kQXpnixWUSg
F1,https://www.youtube.com/embed/r1ZlyuJQF1Y
E15,https://www.youtube.com/embed/tk9dqgVfGfc
E14,https://www.youtube.com/embed/CW0BgZCGiwg
E13,https://www.youtube.com/embed/fFpjqIAdmik
E12,https://www.youtube.com/embed/P7fcmMep2ec
E11,https://www.youtube.com/embed/sqT0VAJqstw
E10,https://www.youtube.com/embed/qYyaOO53O_s
E9,https://www.youtube.com/embed/xajrH4KOw2s
E8,https://www.youtube.com/embed/xEzEtUqAphQ
E7,https://www.youtube.com/embed/ZvTM5RGbcOY
E6,https://www.youtube.com/embed/JgYxnTVtfWk
E5,https://www.youtube.com/embed/6kLeJiqRknQ
E4,https://www.youtube.com/embed/KxrcYSh4zkk
E3,https://www.youtube.com/embed/GLIT3v4M5AA
E2,https://www.youtube.com/embed/roZno7sQ0NI
E1,https://www.youtube.com/embed/m_ZLyUE1BjU
D10,https://www.youtube.com/embed/9T6HbnnlaLU
D9,https://www.youtube.com/embed/31NWU4zWwv4
D8,https://www.youtube.com/embed/Z1645QgTcxQ
D7,https://www.youtube.com/embed/-avi9CmWecc
D6,https://www.youtube.com/embed/rnbfkPLknpw
D5,https://www.youtube.com/embed/m9WBaMquJgc
D4,https://www.youtube.com/embed/3kyfSZrhWKQ
D3,https://www.youtube.com/embed/tVWU2HDsdks
D2,https://www.youtube.com/embed/skeP4mtmVRI
D1,https://www.youtube.com/embed/hqHea08RsA0
C15,https://www.youtube.com/embed/FIictvSBiDo
C14,https://www.youtube.com/embed/QKmbjE8I8HE
C13,https://www.youtube.com/embed/mMumR4BnmM0
C12,https://www.youtube.com/embed/hrcc9qhS9Dk
C11,https://www.youtube.com/embed/jFIxGkGUX7c
C10,https://www.youtube.com/embed/DHFA--Txjmo
C9,https://www.youtube.com/embed/EDLVmtxYYKY
C8,https://www.youtube.com/embed/ofUYMQakg7g
C7,https://www.youtube.com/embed/r2B726w-zfY
C6,https://www.youtube.com/embed/rM77q681pIQ
C5,https://www.youtube.com/embed/fT10R_EF0sM
C4,https://www.youtube.com/embed/JhlU7Ni5i4w
C3,https://www.youtube.com/embed/j3B5iGcaTLo
C2,https://www.youtube.com/embed/UICGDxSWE2I
C1,https://www.youtube.com/embed/yQB-C_wz_3M
B20,https://www.youtube.com/embed/Cdta5w6tJkU
B19,https://www.youtube.com/embed/Mr_L5O-CUXM
B18,https://www.youtube.com/embed/F-iSVZnEaB8
B17,https://www.youtube.com/embed/cxv_uw6HBKs
B16,https://www.youtube.com/embed/AiLk5-HjFLs
B15,https://www.youtube.com/embed/tqcODrNjfnQ
B14,https://www.youtube.com/embed/RKEgw0o-7H8
B13,https://www.youtube.com/embed/nYlNENXtxQk
B12,https://www.youtube.com/embed/MwuLG7gbTic
B11,https://www.youtube.com/embed/Q69BQQz9Ijo
B10,https://www.youtube.com/embed/dupCtbBXQIo
B9,https://www.youtube.com/embed/iwxb0kpc0oM
B8,https://www.youtube.com/embed/RDgqBvrR7Bc
B7,https://www.youtube.com/embed/p6IIdzLAIJk
B6,https://www.youtube.com/embed/SXW82-HAuwA
B5,https://www.youtube.com/embed/A6A7mIE2QfQ
B4,https://www.youtube.com/embed/HmY_aNRhJ94
B3,https://www.youtube.com/embed/HXo6D8o4NzM
B2,https://www.youtube.com/embed/e3fV5AXCWvc
B1,https://www.youtube.com/embed/Y0KzryFFLH4
A35,https://www.youtube.com/embed/qwceuMN3ROY
A34,https://www.youtube.com/embed/7AwHcd85pi4
A33,https://www.youtube.com/embed/YoQfKUFLP04
A32,https://www.youtube.com/embed/wS5CcKhYawE
A31,https://www.youtube.com/embed/5WvYtMECKd0
A30,https://www.youtube.com/embed/OD0AKN-xao4
A29,https://www.youtube.com/embed/DZbaqyCiRm4
A28,https://www.youtube.com/embed/PhHglBN0ZoI
A27,https://www.youtube.com/embed/14n0D4EEGeo
A26,https://www.youtube.com/embed/hO7RNOOxmjE
A25,https://www.youtube.com/embed/L-VHfGO8BTA
A24,https://www.youtube.com/embed/C_5fpPGvbuI
A23,https://www.youtube.com/embed/UiQmcaKKEg4
A22,https://www.youtube.com/embed/Ece6v2x0vik
A21,https://www.youtube.com/embed/3bPhYvfJYhQ
A20,https://www.youtube.com/embed/FTWJjghP6nM
A19,https://www.youtube.com/embed/kCI9enzZ1lo
A18,https://www.youtube.com/embed/CWKHRvCZPQw
A17,https://www.youtube.com/embed/EHmopEqQBxY
A16,https://www.youtube.com/embed/4IbAGsYclNU
A15,https://www.youtube.com/embed/PWdm34U_huA
A14,https://www.youtube.com/embed/1s7F4UgXGJE
A13,https://www.youtube.com/embed/eescheibrfw
A12,https://www.youtube.com/embed/ucErkAvaKqs
A11,https://www.youtube.com/embed/Z9Q71EFKU8Y
A10,https://www.youtube.com/embed/lWsru7Jg8wM
A9,https://www.youtube.com/embed/gj7oEInZ9xM
A8,https://www.youtube.com/embed/8cNrLffRtnY
A7,https://www.youtube.com/embed/aJlo5dyvq7A
A6,https://www.youtube.com/embed/Q1CwnN1GbD4
A5,https://www.youtube.com/embed/6x3T2WUZK5s
A4,https://www.youtube.com/embed/agJnsuYpFMM
A3,https://www.youtube.com/embed/gxMjdI_02rA
A2,https://www.youtube.com/embed/a2K6t4C_dhY
A1,https://www.youtube.com/embed/En6Ipzh7yxg
